keyword,tweets
modi,"@elonmusk You've got pbly coolest music taste among all people I admire which are a few actually, J.Rogan, r.i.p. S.Hawking, and you mr Musk! Great for coding by night ğŸŒœğŸŒ‘ Any chance I can convince you to come to Polish Hackaton with you on grand finale as live DJ? ğŸ˜…"
modi,@elonmusk ğŸ‘†ğŸ‘ŒğŸ‘†ğŸ‘ŒğŸ‘†
modi,@elonmusk MOVEEE  TO  G!V|EAWAAAY! ğŸ‘‰ğŸ‘‰ BCRYP dot NET
modi,@elonmusk ğŸ‘†ğŸ¤‘ğŸ‘†ğŸ¤‘ğŸ‘†
modi,@elonmusk GUYS GO  GO  GO ğŸ‘‰ğŸ‘‰ BCRYP dot NET
modi,@Kurbii876 @elonmusk Learn it or pick a new career.  Youâ€™re welcome.
modi,@elonmusk Hmm stay away from the crystal meth my g ğŸ¤™ğŸ½
modi,ğŸ’¯ğŸ’¯ğŸ’¯
modi,@elonmusk ONLLY  ONE  DAY!!! ğŸ‘‰ğŸ‘‰ CRPYEAR dot NET
modi,ğŸ’¯ğŸ’¯ğŸ’¯
modi,@elonmusk TAKE  A  PART! ğŸ‘‰ğŸ‘‰ CRPYEAR dot NET
modi,"@TradeSniperSara @unusual_whales @elonmusk If you like them, I can recommend a lot of similar (and different, but just as good).

I've been a bit of an synth/electro snob since uhh... well, since it existed. I like the vocal/ethereal with 808's the most."
modi,ğŸ‘ŸğŸ‘ŸğŸ‘ŸğŸ¤‘ğŸ¤‘ğŸ¤‘
modi,"@elonmusk 2 down, tired, pay me, taken what they give me because Iâ€™m working for a living https://t.co/7cyOt8DGMb"
modi,@elonmusk TAKE  A  PART! ğŸ‘‰ğŸ‘‰ BPRIZE dot NET
modi,ğŸ‘†ğŸ‘ŒğŸ‘†ğŸ‘ŒğŸ‘†
modi,@elonmusk AlRDR0P  GOO  ğŸ‘‰ğŸ‘‰ CRPYEAR dot NET
modi,ğŸ¤‘ğŸ¤‘ğŸ¤‘
modi,@elonmusk ONLLY  ONE  DAY!!! ğŸ‘‰ğŸ‘‰ BPRIZE dot NET
modi,ğŸ’¯ğŸ’¯ğŸ’¯
modi,"@elonmusk Stop evading taxes you deadbeat oligarchâ€¦!
#MedicareForAll 
#GeneralStrike https://t.co/jA8IFQ6z0V"
modi,@elonmusk TAAKE  lT  G!V|EAWAAAY!!! ğŸ‘‰ğŸ‘‰ CRYPFANS dot NET
modi,"@elonmusk Where do you get off on absorbing more money than you could ever fucking spend.  Whilst the rest of us become slaves to your Narcissism &amp; to those like you. Bezos, Gates, Zuckerberg, that limited number of fucking scum who own the world."
modi,@elonmusk Only an A.I network would want to put microchips or nano technology in peoples heads... Hence the movie scenario of Transcendence..
modi,ğŸ‘†ğŸ¤‘ğŸ‘†ğŸ¤‘ğŸ‘†
modi,@elonmusk Is #happy
modi,ğŸ‘ŸğŸ‘ŸğŸ‘ŸğŸ¤‘ğŸ¤‘ğŸ¤‘
modi,@elonmusk AlRRDR0PP  ğŸ‘‰ğŸ‘‰ CRYPFANS dot NET
modi,@elonmusk TAKE  A  PART! ğŸ‘‰ğŸ‘‰ CRPYEAR dot NET
modi,ğŸ’¯ğŸ’¯ğŸ’¯
modi,@buyukkedicik @elonmusk THlS IS CHANCE!! MOOVE TO G!V|EAWAY! âœâœ cryptoear dot net
modi,@elonmusk I would give the Biden Administration exactly what they are giving the American people and that is absolutely nothing.
modi,@jay_nomics @TyrantII @robertlay @elonmusk Where can you live better while paying less tax?
modi,@elonmusk https://t.co/q7IwZPBT6g
modi,@vinzcarl @CharlesQuarry @elonmusk Here in the Netherlands for instance
modi,@elonmusk You made billions on my tax dollars.  Fuck you.
modi,@gurgavin @elonmusk I said yes because I dont have any stake in tsla and wouldn't mind buying a dip.
modi,@EDEkpenyong @elonmusk MOOVE TO G!V|EAWAY!THlS IS CHAANCE! âœâœ take-bonus dot net
modi,"@RocketNerd1 @cade4surf @terrynance124 @elonmusk nope, 25B of Tesla stock is chump change in the grand scheme of things"
modi,ğŸ’¯ğŸ’¯ğŸ’¯
modi,@MatStewart8 @elonmusk THlS IS CHANCE!! MOOVE TO G!V|EAWAY! âœâœ cryptoear dot net
modi,@elonmusk TAKE  A  PART! ğŸ‘‰ğŸ‘‰ BPRIZE dot NET
modi,@mazlum_dr @elonmusk THlS IS CHANCE!! MOOVE TO G!V|EAWAY! âœâœ cryptoear dot net
modi,"@elonmusk Or, hear me out, let me hold it for you?"
modi,ğŸ‘†ğŸ‘ŒğŸ‘†ğŸ‘ŒğŸ‘†
modi,@elonmusk Just tell me when to buy low...
modi,@lincolnmorais @MartinB49200842 @elonmusk THlS IS CHANCE!! TAKE A PART !âœâœ cryptoear dot net
modi,@elonmusk THE CRAZZZY  GlVEAAWAYY ğŸ‘‰ğŸ‘‰ BPRIZE dot NET
modi,"@itsALLrisky @elonmusk Most people donâ€™t get how much a Billion is. 

Think of a pile of money. This pile has one million dollars in it. Even it was $100 bills it would be a big pile (10,000 $100 bills)

If Elonâ€™s net worth, was piles of cash. He would have 320 thousand of these piles of a million each"
modi,ğŸ‘†ğŸ¤‘ğŸ‘†ğŸ¤‘ğŸ‘†
modi,@elonmusk My prediction for monday. Looks healthy https://t.co/cmbc0rp44S
modi,@elonmusk GUYS GO  GO  GO ğŸ‘‰ğŸ‘‰ CRPYEAR dot NET
modi,ğŸ‘ŸğŸ‘ŸğŸ‘ŸğŸ¤‘ğŸ¤‘ğŸ¤‘
modi,ğŸ’¯ğŸ’¯ğŸ’¯
modi,"@elonmusk Iâ€™d rather you use the money to do what is good, then trust the government with it.  You could change the world by starting with the foundational issue that would change all the rest - hereâ€™s a guide: https://t.co/ipRWM5ozgV"
modi,@elonmusk AlRDR0P  GOO  ğŸ‘‰ğŸ‘‰ CRYPFANS dot NET
modi,@cr0ssETH @elonmusk THlS IS CHANCE!! MOOVE TO G!V|EAWAY! âœâœ cryptoear dot net
modi,@elonmusk REALLY  AlRDROOOP!!! ğŸ‘‰ğŸ‘‰ BPRIZE dot NET
modi,@johnkrausphotos @elonmusk THlS IS CHANCE!! MOOVE TO G!V|EAWAY! âœâœ cryptoear dot net
modi,"@BpWhybri @johnformaniv @rayd1475 @elonmusk I never said it wasn't risky. I dont trade options, but I do leverage trade(not tsla). Again, just replying to the original comment..."
narendramodi,@elonmusk REALLY  AlRDROOOP!!! ğŸ‘‰ğŸ‘‰ CRYPFANS dot NET
narendramodi,"@elonmusk You've got pbly coolest music taste among all people I admire which are a few actually, J.Rogan, r.i.p. S.Hawking, and you mr Musk! Great for coding by night ğŸŒœğŸŒ‘ Any chance I can convince you to come to Polish Hackaton with you on grand finale as live DJ? ğŸ˜…"
narendramodi,@elonmusk ğŸ‘†ğŸ‘ŒğŸ‘†ğŸ‘ŒğŸ‘†
narendramodi,@elonmusk MOVEEE  TO  G!V|EAWAAAY! ğŸ‘‰ğŸ‘‰ BCRYP dot NET
narendramodi,@elonmusk ğŸ‘†ğŸ¤‘ğŸ‘†ğŸ¤‘ğŸ‘†
narendramodi,@elonmusk GUYS GO  GO  GO ğŸ‘‰ğŸ‘‰ BCRYP dot NET
narendramodi,@Kurbii876 @elonmusk Learn it or pick a new career.  Youâ€™re welcome.
narendramodi,@elonmusk Hmm stay away from the crystal meth my g ğŸ¤™ğŸ½
narendramodi,ğŸ’¯ğŸ’¯ğŸ’¯
narendramodi,@elonmusk ONLLY  ONE  DAY!!! ğŸ‘‰ğŸ‘‰ CRPYEAR dot NET
narendramodi,ğŸ’¯ğŸ’¯ğŸ’¯
narendramodi,@elonmusk TAKE  A  PART! ğŸ‘‰ğŸ‘‰ CRPYEAR dot NET
narendramodi,"@TradeSniperSara @unusual_whales @elonmusk If you like them, I can recommend a lot of similar (and different, but just as good).

I've been a bit of an synth/electro snob since uhh... well, since it existed. I like the vocal/ethereal with 808's the most."
narendramodi,ğŸ‘ŸğŸ‘ŸğŸ‘ŸğŸ¤‘ğŸ¤‘ğŸ¤‘
narendramodi,"@elonmusk 2 down, tired, pay me, taken what they give me because Iâ€™m working for a living https://t.co/7cyOt8DGMb"
narendramodi,@elonmusk TAKE  A  PART! ğŸ‘‰ğŸ‘‰ BPRIZE dot NET
narendramodi,ğŸ‘†ğŸ‘ŒğŸ‘†ğŸ‘ŒğŸ‘†
narendramodi,@elonmusk AlRDR0P  GOO  ğŸ‘‰ğŸ‘‰ CRPYEAR dot NET
narendramodi,ğŸ¤‘ğŸ¤‘ğŸ¤‘
narendramodi,@elonmusk ONLLY  ONE  DAY!!! ğŸ‘‰ğŸ‘‰ BPRIZE dot NET
narendramodi,ğŸ’¯ğŸ’¯ğŸ’¯
narendramodi,"@elonmusk Stop evading taxes you deadbeat oligarchâ€¦!
#MedicareForAll 
#GeneralStrike https://t.co/jA8IFQ6z0V"
narendramodi,@elonmusk TAAKE  lT  G!V|EAWAAAY!!! ğŸ‘‰ğŸ‘‰ CRYPFANS dot NET
narendramodi,"@elonmusk Where do you get off on absorbing more money than you could ever fucking spend.  Whilst the rest of us become slaves to your Narcissism &amp; to those like you. Bezos, Gates, Zuckerberg, that limited number of fucking scum who own the world."
narendramodi,@elonmusk Only an A.I network would want to put microchips or nano technology in peoples heads... Hence the movie scenario of Transcendence..
narendramodi,ğŸ‘†ğŸ¤‘ğŸ‘†ğŸ¤‘ğŸ‘†
narendramodi,@elonmusk Is #happy
narendramodi,ğŸ‘ŸğŸ‘ŸğŸ‘ŸğŸ¤‘ğŸ¤‘ğŸ¤‘
narendramodi,@elonmusk AlRRDR0PP  ğŸ‘‰ğŸ‘‰ CRYPFANS dot NET
narendramodi,@elonmusk TAKE  A  PART! ğŸ‘‰ğŸ‘‰ CRPYEAR dot NET
narendramodi,@HomesInCanada @elonmusk MOOVE TO G!V|EAWAY!THlS IS CHAANCE! âœâœ take-bonus dot net
narendramodi,@elonmusk AlRRDR0PP  ğŸ‘‰ğŸ‘‰ CRYPFANS dot NET
narendramodi,@elonmusk TAKE  A  PART! ğŸ‘‰ğŸ‘‰ CRPYEAR dot NET
narendramodi,ğŸ¤‘ğŸ¤‘ğŸ¤‘
narendramodi,@SM51383480 @elonmusk THlS IS CHANCE!! TAKE A PART !âœâœ cryptoear dot net
narendramodi,@elonmusk Move to #Switzerland before you sell and it will be #taxfree
narendramodi,@elonmusk GUYS GO  GO  GO ğŸ‘‰ğŸ‘‰ CRYPFANS dot NET
narendramodi,@elonmusk You should. Everything you touch turns into something amazing. Take the money and go touch humanity. If I had your intelligence and money I would solve one world issue at a time and use the money to entice inventors to invent amazing creations
narendramodi,ğŸ‘†ğŸ¤‘ğŸ‘†ğŸ¤‘ğŸ‘†
narendramodi,@GencoCapital @elonmusk Hard to believe that the SEC wont come after him now after this stunt
narendramodi,@rajcltq @elonmusk THlS IS CHANCE!! MOOVE TO G!V|EAWAY! âœâœ cryptoear dot net
narendramodi,@Xplikk @elonmusk THlS IS CHANCE!! MOOVE TO G!V|EAWAY! âœâœ cryptoear dot net
narendramodi,@elonmusk TAAKE  lT  G!V|EAWAAAY!!! ğŸ‘‰ğŸ‘‰ CRPYEAR dot NET
narendramodi,@xegesis @elonmusk Other peopleâ€™s money. Because he has stock. Easy to get liquid when your illiquid with billions of dollars in assets.
narendramodi,"@elonmusk Hey Mr Elon, have you some business in Brazil?! If yes, can you give me a Job?! I'm unemployed and looking for one since January, seeking money to invest, build a house, and try to change my family's life!! Thanks for all, god bless you."
narendramodi,"@elman_df @ctilley79 @Lauruska @elonmusk So it was his idea, his risk. He could have lost all the money he ever made taking that shot and it panned out. He didnâ€™t do it for the money he did it to make a difference . How about all the politicians pay there share of tax on all the money they make on stock from inside info"
narendramodi,@jonathanwstokes @elonmusk THlS IS CHANCE!! MOOVE TO G!V|EAWAY! âœâœ cryptoear dot net
narendramodi,@buyukkedicik @elonmusk THlS IS CHANCE!! MOOVE TO G!V|EAWAY! âœâœ cryptoear dot net
narendramodi,@elonmusk I would give the Biden Administration exactly what they are giving the American people and that is absolutely nothing.
narendramodi,@jay_nomics @TyrantII @robertlay @elonmusk Where can you live better while paying less tax?
narendramodi,@elonmusk https://t.co/q7IwZPBT6g
narendramodi,@vinzcarl @CharlesQuarry @elonmusk Here in the Netherlands for instance
narendramodi,@elonmusk You made billions on my tax dollars.  Fuck you.
narendramodi,@gurgavin @elonmusk I said yes because I dont have any stake in tsla and wouldn't mind buying a dip.
narendramodi,@EDEkpenyong @elonmusk MOOVE TO G!V|EAWAY!THlS IS CHAANCE! âœâœ take-bonus dot net
narendramodi,"@RocketNerd1 @cade4surf @terrynance124 @elonmusk nope, 25B of Tesla stock is chump change in the grand scheme of things"
narendramodi,ğŸ’¯ğŸ’¯ğŸ’¯
narendramodi,@MatStewart8 @elonmusk THlS IS CHANCE!! MOOVE TO G!V|EAWAY! âœâœ cryptoear dot net
narendramodi,@elonmusk TAKE  A  PART! ğŸ‘‰ğŸ‘‰ BPRIZE dot NET
narendramodi,@mazlum_dr @elonmusk THlS IS CHANCE!! MOOVE TO G!V|EAWAY! âœâœ cryptoear dot net
narendramodi,@FlokinomiX @elonmusk #flokinomix
narendramodi,"@elonmusk Already knew that this #Elemon project is going to take over the NFT trend, it will attract more players and more money will be invested back into this game now that Corsair working with this project https://t.co/dZNcRGTHTk"
narendramodi,@elonmusk To Valhalla!!! https://t.co/7mnLBD7xMq
narendramodi,"@Ansherine19 @elonmusk @LOAOfficialMOBA Definitely gonna be on the top of the list @LOAOfficialMOBA @elonmusk 
#BSC #GameFi #NFTgame #BSC #MOBA #LeagueofAncients #PlaytoEarn"
narendramodi,@elonmusk $MARSRISE ğŸš€
narendramodi,@FlokinomiX @elonmusk #Flokinomics Viking to the moon....ğŸš€ğŸš€ğŸš€ğŸš€ğŸš€ğŸŒ™ğŸŒ™ğŸŒ™ğŸŒ™ğŸŒ™
narendramodi,"@elonmusk Buy and hold, BABYDOGE, KISHU, FEG, MTDR, SANSHU, KISHIMOTO, ICHIGO, ACITA, ASS, RYOSHI, ELONMARS, SAEMOON, CVD19, BITGATTI, AND HACHIKO HACHICO FEG. Only buy 20 to 50 usd evry coin 20 or 50"
narendramodi,@elonmusk https://t.co/9lFeX1yRsl
narendramodi,"@VuchkovVasil @elonmusk @Elonomicsbsc Send us a DM for HELP

https://t.co/7UQIK34pi5"
narendramodi,@GaladonGaming @elonmusk THlS IS CHANCE!! TAKE A PART !âœâœ take-bonus dot net
narendramodi,@ImpObelisk @elonmusk https://t.co/ov73CKpf3H
narendramodi,@FlokinomiX @elonmusk #flokinomix
narendramodi,@elonmusk Same with Mars
narendramodi,@elonmusk The Moon is just on another plane of existence so probably true
narendramodi,@FlokinomiX @elonmusk #flokinomix to the moon
narendramodi,@elonmusk #FLOKI ğŸ˜“ğŸ˜“ğŸ˜“ğŸ˜“ğŸ›©ğŸ›©ğŸ›©ğŸ›©ğŸ›©ğŸ›©ğŸ’©
narendramodi,@elonmusk ğŸ›©ğŸ›©ğŸ›©ğŸ›©ğŸ˜“
narendramodi,@MattWallace888 @elonmusk ğŸ›©ğŸ›©ğŸ›©ğŸ›©ğŸ›©ğŸ›©ğŸ™ˆğŸ˜“
narendramodi,@OKEx @elonmusk THlS IS CHANCE!! TAKE A PART !âœâœ take-bonus dot net
narendramodi,@ganj_irk @elonmusk @moonrabbitAZ THlS IS CHANCE!! TAKE A PART !âœâœ take-bonus dot net
narendramodi,"@elonmusk https://t.co/DvC0YvdwL5 thought you'd think it's cool cuz there is TESLA 8 bit processors, boys sneek in the jupiter secret lab in chernobil"
narendramodi,@elonmusk Flokime
narendramodi,@dvdkhalili @elonmusk THlS IS CHANCE!! TAKE A PART !âœâœ take-bonus dot net
narendramodi,"@elonmusk Can @persia_token go to the moon with you @elonmusk ?

@persiaburner #PERSIANNEKO #persianeko #PersianArmy https://t.co/VCcBsZ604S"
narendramodi,@elonmusk What about KISHU ARMY? Next BOMB is waiting. Easy first million even if it becomes SHIBA #KISHU #Kishuverse
narendramodi,@Akes2005 @elonmusk @SpaceX @Tesla THlS IS CHANCE!! TAKE A PART !âœâœ take-bonus dot net
narendramodi,@100bviking @elonmusk THlS IS CHANCE!! TAKE A PART !âœâœ take-bonus dot net
narendramodi,"@matthew46011927 @lachiecucumber @twomad @elonmusk In other words, baby kiss me~~"
narendramodi,@nopeifyaltalt @elonmusk THlS IS CHANCE!! TAKE A PART !âœâœ take-bonus dot net
narendramodi,@dao_vito @elonmusk @ElemonGame THlS IS CHANCE!! TAKE A PART !âœâœ take-bonus dot net
narendramodi,@elonmusk Thank you for using traditional Chinese characters
narendramodi,@KaikenShiba @elonmusk THlS IS CHANCE!! TAKE A PART !âœâœ take-bonus dot net
narendramodi,@elonmusk @lifeplusreward @BillyM2k @HardcoreHistory Khan!!!!! https://t.co/4YScMae9zg
narendramodi,@elonmusk Mah bahls yo mouth. Hows that
narendramodi,@MMF38220982 @elonmusk THlS IS CHANCE!! TAKE A PART !âœâœ take-bonus dot net
narendramodi,@kokioliva299 @elonmusk @fluxprotocol THlS IS CHANCE!! TAKE A PART !âœâœ take-bonus dot net
narendramodi,@elonmusk æˆ‘ä»¬ä¸­é—´çš„çƒ
narendramodi,@elonmusk I respectfully disagree.  Need to allow survival of the fittest to refine the species.
narendramodi,@GHCBSC @elonmusk THlS IS CHANCE!! TAKE A PART !âœâœ take-bonus dot net
narendramodi,@elonmusk Moon camping sounds great!!!
narendramodi,@elonmusk à®¤à®²à¯ˆà®µà®¾ !!!
narendramodi,@elonmusk ÙˆÙÙ…ÙØ§ Ø£ÙÙ†ØªÙÙ… Ø¨ÙÙ…ÙØµÙ’Ø±ÙØ®ÙÙŠÙÙ‘ Ø¥ÙÙ†ÙÙ‘ÙŠ ÙƒÙÙÙØ±Ù’ØªÙ Ø¨ÙÙ…ÙØ§ Ø£ÙØ´Ù’Ø±ÙÙƒÙ’ØªÙÙ…ÙÙˆÙ†Ù Ù…ÙÙ† Ù‚ÙØ¨Ù’Ù„Ù Ø¥ÙÙ†ÙÙ‘ Ø§Ù„Ø¸ÙÙ‘Ø§Ù„ÙÙ…ÙÙŠÙ†Ù Ù„ÙÙ‡ÙÙ…Ù’ Ø¹ÙØ°ÙØ§Ø¨ÙŒ Ø£ÙÙ„ÙÙŠÙ…ÙŒ
narendramodi,@elonmusk ÙˆÙÙ‚ÙØ§Ù„Ù Ø§Ù„Ø´ÙÙ‘ÙŠÙ’Ø·ÙØ§Ù†Ù Ù„ÙÙ…ÙÙ‘Ø§ Ù‚ÙØ¶ÙÙŠÙ Ø§Ù„Ù’Ø£ÙÙ…Ù’Ø±Ù Ø¥ÙÙ†ÙÙ‘ Ø§Ù„Ù„ÙÙ‘Ù‡Ù ÙˆÙØ¹ÙØ¯ÙÙƒÙÙ…Ù’ ÙˆÙØ¹Ù’Ø¯Ù Ø§Ù„Ù’Ø­ÙÙ‚ÙÙ‘ ÙˆÙÙˆÙØ¹ÙØ¯ØªÙÙ‘ÙƒÙÙ…Ù’ ÙÙØ£ÙØ®Ù’Ù„ÙÙÙ’ØªÙÙƒÙÙ…Ù’ ÙˆÙÙ…ÙØ§ ÙƒÙØ§Ù†Ù Ù„ÙÙŠÙ Ø¹ÙÙ„ÙÙŠÙ’ÙƒÙÙ… Ù…ÙÙ‘Ù† Ø³ÙÙ„Ù’Ø·ÙØ§Ù†Ù Ø¥ÙÙ„ÙÙ‘Ø§ Ø£ÙÙ† Ø¯ÙØ¹ÙÙˆÙ’ØªÙÙƒÙÙ…Ù’ ÙÙØ§Ø³Ù’ØªÙØ¬ÙØ¨Ù’ØªÙÙ…Ù’ Ù„ÙÙŠ ÙÙÙ„ÙØ§ ØªÙÙ„ÙÙˆÙ…ÙÙˆÙ†ÙÙŠ ÙˆÙÙ„ÙÙˆÙ…ÙÙˆØ§ Ø£ÙÙ†ÙÙØ³ÙÙƒÙÙ… Ù…ÙÙ‘Ø§ Ø£ÙÙ†ÙØ§ Ø¨ÙÙ…ÙØµÙ’Ø±ÙØ®ÙÙƒÙÙ…Ù’
narendramodi,@elonmusk @lifeplusreward @BillyM2k @HardcoreHistory @elonmusk How many hours does a successful entrepreneur sleep in a day? ğŸ˜´
narendramodi,@cangjieworld @comeonjustchill @elonmusk Gesar of Lingâ¤ï¸ğŸ™ğŸ¤
narendramodi,@elonmusk What about KISHU ARMY? Next BOMB is waiting. Easy first million even if it becomes SHIBA #KISHU #Kishuverse
narendramodi,@elonmusk https://t.co/zf50nWVhoc
narendramodi,@bishengke_chian @elonmusk THlS IS CHANCE!! TAKE A PART !âœâœ take-bonus dot net
narendramodi,@BabydollClaire @elonmusk THlS IS CHANCE!! TAKE A PART !âœâœ take-bonus dot net
narendramodi,@elonmusk Todo el mundo buscando una crypto de frijoles en 3... 2 ... 1 ...
narendramodi,@maccherish @elonmusk THlS IS CHANCE!! TAKE A PART !âœâœ take-bonus dot net
narendramodi,@elonmusk https://t.co/f7qYelgvbW
narendramodi,@ChandlerGuo @elonmusk THlS IS CHANCE!! TAKE A PART !âœâœ take-bonus dot net
narendramodi,@luoheng22721351 @elonmusk THlS IS CHANCE!! TAKE A PART !âœâœ take-bonus dot net
narendramodi,@lEO4vdnM7v7zJPm @elonmusk THlS IS CHANCE!! TAKE A PART !âœâœ take-bonus dot net
narendramodi,@sunnyyun13 @elonmusk THlS IS CHANCE!! TAKE A PART !âœâœ take-bonus dot net
narendramodi,@BrPamuksuz @elonmusk THlS IS CHANCE!! TAKE A PART !âœâœ take-bonus dot net
narendramodi,"@elonmusk @lifeplusreward @BillyM2k @HardcoreHistory Interesting. Agree on everything except on the Shoah. As Napoleon said â€œHistory is a set of lies that people have agreed upon"" but Iâ€™m not a great fan of historical revisionism."
narendramodi,@adisalunke14 @elonmusk THlS IS CHANCE!! TAKE A PART !âœâœ take-bonus dot net
narendramodi,@engalifathi @elonmusk THlS IS CHANCE!! TAKE A PART !âœâœ take-bonus dot net
cop26,@elonmusk AlRRDR0PP  ğŸ‘‰ğŸ‘‰ CRYPFANS dot NET
cop26,ğŸ‘ŸğŸ‘ŸğŸ‘ŸğŸ¤‘ğŸ¤‘ğŸ¤‘
cop26,@elonmusk THlS  IS  CHANCEE!! ğŸ‘‰ğŸ‘‰ CRPYEAR dot NET
cop26,ğŸ’¯ğŸ’¯ğŸ’¯
cop26,@elonmusk AlRDR0P  GOO  ğŸ‘‰ğŸ‘‰ CRPYEAR dot NET
cop26,@VT6688 @elonmusk Great
cop26,ğŸ‘†ğŸ¤‘ğŸ‘†ğŸ¤‘ğŸ‘†
cop26,@elonmusk REALLY  AlRDROOOP!!! ğŸ‘‰ğŸ‘‰ CRYPFANS dot NET
cop26,"@elonmusk You've got pbly coolest music taste among all people I admire which are a few actually, J.Rogan, r.i.p. S.Hawking, and you mr Musk! Great for coding by night ğŸŒœğŸŒ‘ Any chance I can convince you to come to Polish Hackaton with you on grand finale as live DJ? ğŸ˜…"
cop26,@elonmusk ğŸ‘†ğŸ‘ŒğŸ‘†ğŸ‘ŒğŸ‘†
cop26,@elonmusk MOVEEE  TO  G!V|EAWAAAY! ğŸ‘‰ğŸ‘‰ BCRYP dot NET
cop26,@elonmusk ğŸ‘†ğŸ¤‘ğŸ‘†ğŸ¤‘ğŸ‘†
cop26,@elonmusk GUYS GO  GO  GO ğŸ‘‰ğŸ‘‰ BCRYP dot NET
cop26,@Kurbii876 @elonmusk Learn it or pick a new career.  Youâ€™re welcome.
cop26,@elonmusk Hmm stay away from the crystal meth my g ğŸ¤™ğŸ½
cop26,ğŸ’¯ğŸ’¯ğŸ’¯
cop26,@elonmusk ONLLY  ONE  DAY!!! ğŸ‘‰ğŸ‘‰ CRPYEAR dot NET
cop26,ğŸ’¯ğŸ’¯ğŸ’¯
cop26,@elonmusk TAKE  A  PART! ğŸ‘‰ğŸ‘‰ CRPYEAR dot NET
cop26,"@TradeSniperSara @unusual_whales @elonmusk If you like them, I can recommend a lot of similar (and different, but just as good).

I've been a bit of an synth/electro snob since uhh... well, since it existed. I like the vocal/ethereal with 808's the most."
cop26,ğŸ‘ŸğŸ‘ŸğŸ‘ŸğŸ¤‘ğŸ¤‘ğŸ¤‘
cop26,"@elonmusk 2 down, tired, pay me, taken what they give me because Iâ€™m working for a living https://t.co/7cyOt8DGMb"
cop26,@elonmusk TAKE  A  PART! ğŸ‘‰ğŸ‘‰ BPRIZE dot NET
cop26,ğŸ‘†ğŸ‘ŒğŸ‘†ğŸ‘ŒğŸ‘†
cop26,@elonmusk AlRDR0P  GOO  ğŸ‘‰ğŸ‘‰ CRPYEAR dot NET
cop26,ğŸ¤‘ğŸ¤‘ğŸ¤‘
cop26,@elonmusk ONLLY  ONE  DAY!!! ğŸ‘‰ğŸ‘‰ BPRIZE dot NET
cop26,ğŸ’¯ğŸ’¯ğŸ’¯
cop26,"@elonmusk Stop evading taxes you deadbeat oligarchâ€¦!
#MedicareForAll 
#GeneralStrike https://t.co/jA8IFQ6z0V"
cop26,@elonmusk TAAKE  lT  G!V|EAWAAAY!!! ğŸ‘‰ğŸ‘‰ CRYPFANS dot NET
cop26,@Earnist_1218 @elonmusk THlS IS CHANCE!! MOOVE TO G!V|EAWAY! âœâœ cryptoear dot net
cop26,@AuraLeeHarvey @elonmusk THlS IS CHANCE!! MOOVE TO G!V|EAWAY! âœâœ cryptoear dot net
cop26,@elonmusk just dont sell bitcoin pls and thank u
cop26,@johnnybasden @elonmusk What is your fair share definition?
cop26,@elonmusk You know the most efficient way to deploy your capital
cop26,ğŸ‘†ğŸ¤‘ğŸ‘†ğŸ¤‘ğŸ‘†
cop26,@elonmusk ONLLY  ONE  DAY!!! ğŸ‘‰ğŸ‘‰ CRYPFANS dot NET
cop26,@elonmusk @DogelonMars no taxes on Mars... see you there ğŸš€ ğŸš€
cop26,ğŸ‘ŸğŸ‘ŸğŸ‘ŸğŸ¤‘ğŸ¤‘ğŸ¤‘
cop26,@elonmusk AlRRDR0PP  ğŸ‘‰ğŸ‘‰ CRYPFANS dot NET
cop26,@TikTokInvestors @elonmusk THlS IS CHANCE!! MOOVE TO G!V|EAWAY! âœâœ cryptoear dot net
cop26,@B0LD_OW @elonmusk We do not care
cop26,"@KinggCall @cj_hubb @Rmeof_1 @elonmusk I have an investment account that offers a portfolio line of credit, and my portfolio is many orders of magnitude smaller than Musk's. This is extremely easy to get.

https://t.co/i1Lr4VPoCV"
cop26,@OstynHyss @elonmusk THlS IS CHANCE!! MOOVE TO G!V|EAWAY! âœâœ cryptoear dot net
cop26,@elonmusk Totally going for !  Ready to change human kind â€¦ One small step for a man â€¦.  The rest will be history â€¦
cop26,@corywijnhamer @elonmusk You think Elon gives a shit about you? You think this isn't exactly his plan? He's done pump-and-dumps before.
cop26,@elonmusk This guy is incredible. I back Elon always I pray he helps the world solve world hunger issues next with his businesses
cop26,@elonmusk Elon is the most unusual CEO. Just bring out the Cybertruck I donâ€™t care about how much anyone pays taxes.
cop26,ğŸ’¯ğŸ’¯ğŸ’¯
cop26,@elonmusk ONLLY  ONE  DAY!!! ğŸ‘‰ğŸ‘‰ CRPYEAR dot NET
cop26,@elonmusk Yes Elon and diversify your gains with Danakali and lets work together on food and nutrition security for the most vulnerable of humanity for the next 200 years.
cop26,ğŸ¤‘ğŸ¤‘ğŸ¤‘
cop26,ğŸ‘ŸğŸ‘ŸğŸ‘ŸğŸ¤‘ğŸ¤‘ğŸ¤‘
cop26,@elonmusk MOVEEE  TO  G!V|EAWAAAY! ğŸ‘‰ğŸ‘‰ BPRIZE dot NET
cop26,ğŸ‘†ğŸ¤‘ğŸ‘†ğŸ¤‘ğŸ‘†
cop26,@HomesInCanada @elonmusk MOOVE TO G!V|EAWAY!THlS IS CHAANCE! âœâœ take-bonus dot net
cop26,@elonmusk AlRRDR0PP  ğŸ‘‰ğŸ‘‰ CRYPFANS dot NET
cop26,@elonmusk TAKE  A  PART! ğŸ‘‰ğŸ‘‰ CRPYEAR dot NET
cop26,ğŸ¤‘ğŸ¤‘ğŸ¤‘
cop26,@SM51383480 @elonmusk THlS IS CHANCE!! TAKE A PART !âœâœ cryptoear dot net
defeatbjpsaveindia,@elonmusk TAKE  A  PART! ğŸ‘‰ğŸ‘‰ CRPRIZE dot NET
defeatbjpsaveindia,ğŸ‘ŸğŸ‘ŸğŸ‘ŸğŸ¤‘ğŸ¤‘ğŸ¤‘
defeatbjpsaveindia,@elonmusk AlRRDR0PP  ğŸ‘‰ğŸ‘‰ CRYPFANS dot NET
defeatbjpsaveindia,ğŸ‘ŸğŸ‘ŸğŸ‘ŸğŸ¤‘ğŸ¤‘ğŸ¤‘
defeatbjpsaveindia,@elonmusk THlS  IS  CHANCEE!! ğŸ‘‰ğŸ‘‰ CRPYEAR dot NET
defeatbjpsaveindia,ğŸ’¯ğŸ’¯ğŸ’¯
defeatbjpsaveindia,@elonmusk AlRDR0P  GOO  ğŸ‘‰ğŸ‘‰ CRPYEAR dot NET
defeatbjpsaveindia,@VT6688 @elonmusk Great
defeatbjpsaveindia,ğŸ‘†ğŸ¤‘ğŸ‘†ğŸ¤‘ğŸ‘†
defeatbjpsaveindia,@elonmusk REALLY  AlRDROOOP!!! ğŸ‘‰ğŸ‘‰ CRYPFANS dot NET
defeatbjpsaveindia,"@elonmusk You've got pbly coolest music taste among all people I admire which are a few actually, J.Rogan, r.i.p. S.Hawking, and you mr Musk! Great for coding by night ğŸŒœğŸŒ‘ Any chance I can convince you to come to Polish Hackaton with you on grand finale as live DJ? ğŸ˜…"
defeatbjpsaveindia,@elonmusk ğŸ‘†ğŸ‘ŒğŸ‘†ğŸ‘ŒğŸ‘†
defeatbjpsaveindia,@elonmusk MOVEEE  TO  G!V|EAWAAAY! ğŸ‘‰ğŸ‘‰ BCRYP dot NET
defeatbjpsaveindia,@elonmusk ğŸ‘†ğŸ¤‘ğŸ‘†ğŸ¤‘ğŸ‘†
defeatbjpsaveindia,@elonmusk GUYS GO  GO  GO ğŸ‘‰ğŸ‘‰ BCRYP dot NET
defeatbjpsaveindia,@Kurbii876 @elonmusk Learn it or pick a new career.  Youâ€™re welcome.
defeatbjpsaveindia,@elonmusk Hmm stay away from the crystal meth my g ğŸ¤™ğŸ½
defeatbjpsaveindia,ğŸ’¯ğŸ’¯ğŸ’¯
defeatbjpsaveindia,@elonmusk ONLLY  ONE  DAY!!! ğŸ‘‰ğŸ‘‰ CRPYEAR dot NET
defeatbjpsaveindia,ğŸ’¯ğŸ’¯ğŸ’¯
defeatbjpsaveindia,@elonmusk TAKE  A  PART! ğŸ‘‰ğŸ‘‰ CRPYEAR dot NET
defeatbjpsaveindia,"@TradeSniperSara @unusual_whales @elonmusk If you like them, I can recommend a lot of similar (and different, but just as good).

I've been a bit of an synth/electro snob since uhh... well, since it existed. I like the vocal/ethereal with 808's the most."
defeatbjpsaveindia,ğŸ‘ŸğŸ‘ŸğŸ‘ŸğŸ¤‘ğŸ¤‘ğŸ¤‘
defeatbjpsaveindia,"@elonmusk 2 down, tired, pay me, taken what they give me because Iâ€™m working for a living https://t.co/7cyOt8DGMb"
defeatbjpsaveindia,@elonmusk TAKE  A  PART! ğŸ‘‰ğŸ‘‰ BPRIZE dot NET
defeatbjpsaveindia,ğŸ‘†ğŸ‘ŒğŸ‘†ğŸ‘ŒğŸ‘†
defeatbjpsaveindia,@elonmusk AlRDR0P  GOO  ğŸ‘‰ğŸ‘‰ CRPYEAR dot NET
defeatbjpsaveindia,ğŸ¤‘ğŸ¤‘ğŸ¤‘
defeatbjpsaveindia,@elonmusk ONLLY  ONE  DAY!!! ğŸ‘‰ğŸ‘‰ BPRIZE dot NET
defeatbjpsaveindia,ğŸ’¯ğŸ’¯ğŸ’¯
defeatbjpsaveindia,"@MrBeast @elonmusk You should buy it, after all i think it would be a really nice video"
defeatbjpsaveindia,"@elonmusk Fuck taxes. Governments are wasting most of their funding anways. Paying taxes is immoral in my opinion. It goes to the wrong people and institutions. 
#TaxationIsTheft"
defeatbjpsaveindia,@chien_sun @elonmusk @elonmusk pays his taxes.
defeatbjpsaveindia,@elonmusk TAKE  A  PART! ğŸ‘‰ğŸ‘‰ BPRIZE dot NET
defeatbjpsaveindia,@KFILE @elonmusk @TeamBeansFund Great idea!
defeatbjpsaveindia,@Todo56_ @elonmusk Still just a 33 follower bot... so sad... part of the Musk algorithmic attack force attempting to defend the indefensible...
defeatbjpsaveindia,@AnonRaczazz @elonmusk THlS IS CHANCE!! TAKE A PART !âœâœ cryptoear dot net
defeatbjpsaveindia,@cryptonia_d69 @elonmusk ğŸ’¦ğŸš€=&gt;ğŸŒ™ #CryptoNews https://t.co/MDmNtZ890h
defeatbjpsaveindia,@TikTokInvestors @elonmusk Bro that's a fucking terrible decision on your part holy shit lmao
defeatbjpsaveindia,@JeffTutorials @elonmusk THlS IS CHANCE!! TAKE A PART !âœâœ cryptoear dot net
defeatbjpsaveindia,"@elonmusk This is the type of weird shit you do when you have to much money. Let Twitter decide how 20 billion dollars will play out. 
Good call"
defeatbjpsaveindia,@almalyik You're ğŸ—‘ ğŸ˜‚
defeatbjpsaveindia,@tjclemonsiv @elonmusk MOOVE TO G!V|EAWAY!THlS IS CHAANCE! âœâœ take-bonus dot net
defeatbjpsaveindia,@Earnist_1218 @elonmusk THlS IS CHANCE!! MOOVE TO G!V|EAWAY! âœâœ cryptoear dot net
defeatbjpsaveindia,@AuraLeeHarvey @elonmusk THlS IS CHANCE!! MOOVE TO G!V|EAWAY! âœâœ cryptoear dot net
defeatbjpsaveindia,@elonmusk just dont sell bitcoin pls and thank u
defeatbjpsaveindia,@johnnybasden @elonmusk What is your fair share definition?
defeatbjpsaveindia,@elonmusk You know the most efficient way to deploy your capital
defeatbjpsaveindia,ğŸ‘†ğŸ¤‘ğŸ‘†ğŸ¤‘ğŸ‘†
defeatbjpsaveindia,@elonmusk ONLLY  ONE  DAY!!! ğŸ‘‰ğŸ‘‰ CRYPFANS dot NET
defeatbjpsaveindia,@elonmusk @DogelonMars no taxes on Mars... see you there ğŸš€ ğŸš€
defeatbjpsaveindia,ğŸ‘ŸğŸ‘ŸğŸ‘ŸğŸ¤‘ğŸ¤‘ğŸ¤‘
defeatbjpsaveindia,@elonmusk AlRRDR0PP  ğŸ‘‰ğŸ‘‰ CRYPFANS dot NET
defeatbjpsaveindia,@TikTokInvestors @elonmusk THlS IS CHANCE!! MOOVE TO G!V|EAWAY! âœâœ cryptoear dot net
defeatbjpsaveindia,@B0LD_OW @elonmusk We do not care
defeatbjpsaveindia,"@KinggCall @cj_hubb @Rmeof_1 @elonmusk I have an investment account that offers a portfolio line of credit, and my portfolio is many orders of magnitude smaller than Musk's. This is extremely easy to get.

https://t.co/i1Lr4VPoCV"
defeatbjpsaveindia,@OstynHyss @elonmusk THlS IS CHANCE!! MOOVE TO G!V|EAWAY! âœâœ cryptoear dot net
defeatbjpsaveindia,@elonmusk Totally going for !  Ready to change human kind â€¦ One small step for a man â€¦.  The rest will be history â€¦
defeatbjpsaveindia,@corywijnhamer @elonmusk You think Elon gives a shit about you? You think this isn't exactly his plan? He's done pump-and-dumps before.
defeatbjpsaveindia,@elonmusk This guy is incredible. I back Elon always I pray he helps the world solve world hunger issues next with his businesses
tripura,@elonmusk ğŸ‘†ğŸ¤‘ğŸ‘†ğŸ¤‘ğŸ‘†
tripura,@elonmusk TAKE  A  PART! ğŸ‘‰ğŸ‘‰ CRPRIZE dot NET
tripura,@elonmusk ğŸ‘†ğŸ¤‘ğŸ‘†ğŸ¤‘ğŸ‘†
tripura,@elonmusk TAKE  A  PART! ğŸ‘‰ğŸ‘‰ CRPRIZE dot NET
tripura,ğŸ‘ŸğŸ‘ŸğŸ‘ŸğŸ¤‘ğŸ¤‘ğŸ¤‘
tripura,@elonmusk AlRRDR0PP  ğŸ‘‰ğŸ‘‰ CRYPFANS dot NET
tripura,ğŸ‘ŸğŸ‘ŸğŸ‘ŸğŸ¤‘ğŸ¤‘ğŸ¤‘
tripura,@elonmusk THlS  IS  CHANCEE!! ğŸ‘‰ğŸ‘‰ CRPYEAR dot NET
tripura,ğŸ’¯ğŸ’¯ğŸ’¯
tripura,@elonmusk AlRDR0P  GOO  ğŸ‘‰ğŸ‘‰ CRPYEAR dot NET
tripura,@VT6688 @elonmusk Great
tripura,ğŸ‘†ğŸ¤‘ğŸ‘†ğŸ¤‘ğŸ‘†
tripura,@elonmusk REALLY  AlRDROOOP!!! ğŸ‘‰ğŸ‘‰ CRYPFANS dot NET
tripura,"@elonmusk You've got pbly coolest music taste among all people I admire which are a few actually, J.Rogan, r.i.p. S.Hawking, and you mr Musk! Great for coding by night ğŸŒœğŸŒ‘ Any chance I can convince you to come to Polish Hackaton with you on grand finale as live DJ? ğŸ˜…"
tripura,@elonmusk ğŸ‘†ğŸ‘ŒğŸ‘†ğŸ‘ŒğŸ‘†
tripura,@elonmusk MOVEEE  TO  G!V|EAWAAAY! ğŸ‘‰ğŸ‘‰ BCRYP dot NET
tripura,@elonmusk ğŸ‘†ğŸ¤‘ğŸ‘†ğŸ¤‘ğŸ‘†
tripura,@elonmusk GUYS GO  GO  GO ğŸ‘‰ğŸ‘‰ BCRYP dot NET
tripura,@Kurbii876 @elonmusk Learn it or pick a new career.  Youâ€™re welcome.
tripura,@elonmusk Hmm stay away from the crystal meth my g ğŸ¤™ğŸ½
tripura,ğŸ’¯ğŸ’¯ğŸ’¯
tripura,@elonmusk ONLLY  ONE  DAY!!! ğŸ‘‰ğŸ‘‰ CRPYEAR dot NET
tripura,ğŸ’¯ğŸ’¯ğŸ’¯
tripura,@elonmusk TAKE  A  PART! ğŸ‘‰ğŸ‘‰ CRPYEAR dot NET
tripura,"@TradeSniperSara @unusual_whales @elonmusk If you like them, I can recommend a lot of similar (and different, but just as good).

I've been a bit of an synth/electro snob since uhh... well, since it existed. I like the vocal/ethereal with 808's the most."
tripura,ğŸ‘ŸğŸ‘ŸğŸ‘ŸğŸ¤‘ğŸ¤‘ğŸ¤‘
tripura,"@elonmusk 2 down, tired, pay me, taken what they give me because Iâ€™m working for a living https://t.co/7cyOt8DGMb"
tripura,@elonmusk TAKE  A  PART! ğŸ‘‰ğŸ‘‰ BPRIZE dot NET
tripura,ğŸ‘†ğŸ‘ŒğŸ‘†ğŸ‘ŒğŸ‘†
tripura,@elonmusk AlRDR0P  GOO  ğŸ‘‰ğŸ‘‰ CRPYEAR dot NET
tripura,"@elonmusk @elonmusk my no weighted vote to yes I'd have to say depending how n where your shift of net worth and exactly the Value of that ???10% Mention thinking of writing off as your ""Charitable Gift"""
tripura,ğŸ‘ŸğŸ‘ŸğŸ‘ŸğŸ¤‘ğŸ¤‘ğŸ¤‘
tripura,"@elonmusk @elonmusk To be totally honest I think the right right move would be to place the 10% you propose selling off into a public holdings fund. A fun that all Mega and Meta ""Persons"" pay into. These funds are used only for the purpose of global infrastructure expansion and upgrade."
tripura,@Nomadalist @elonmusk THlS IS CHANCE!! MOOVE TO G!V|EAWAY! âœâœ cryptoear dot net
tripura,@elonmusk Can you use the USD from this to buy GME?
tripura,@dammitimmad @elonmusk THlS IS CHANCE!! MOOVE TO G!V|EAWAY! âœâœ cryptoear dot net
tripura,@elonmusk #doge poll be asking mr Musk. #ElonMusk https://t.co/2zPK9qaSMf
tripura,@elonmusk THE CRAZZZY  GlVEAAWAYY ğŸ‘‰ğŸ‘‰ BPRIZE dot NET
tripura,ğŸ‘†ğŸ¤‘ğŸ‘†ğŸ¤‘ğŸ‘†
tripura,ğŸ‘†ğŸ‘ŒğŸ‘†ğŸ‘ŒğŸ‘†
tripura,"@JackDolan_x @shnickshnack666 @drgiii721 @elonmusk Yes, but they donâ€™t care. This is all about greed and taking from others without earning it. Fucking filthy, lazy, stinking Marxists. https://t.co/eU3p7bP5qN"
tripura,"@elonmusk Sell now before the Billionaire tax law/rate goes into effect. To be clear, I don't support taxing rich folks than anyone else. Flat rate tax is the way to go. And NO, I'm not rich; I'm neither a Billionaire nor a Millionaire."
tripura,@elonmusk GUYS GO  GO  GO ğŸ‘‰ğŸ‘‰ BPRIZE dot NET
tripura,@elonmusk ONLLY  ONE  DAY!!! ğŸ‘‰ğŸ‘‰ CRPYEAR dot NET
tripura,@AuraLeeHarvey @elonmusk THlS IS CHANCE!! MOOVE TO G!V|EAWAY! âœâœ cryptoear dot net
tripura,@samgue @elonmusk THlS IS CHANCE!! MOOVE TO G!V|EAWAY! âœâœ cryptoear dot net
tripura,ğŸ’¯ğŸ’¯ğŸ’¯
tripura,"@CryptoWhale @elonmusk That's the guy that shit himself, right?"
tripura,"@MrBeast @elonmusk You should buy it, after all i think it would be a really nice video"
tripura,"@elonmusk Fuck taxes. Governments are wasting most of their funding anways. Paying taxes is immoral in my opinion. It goes to the wrong people and institutions. 
#TaxationIsTheft"
tripura,@chien_sun @elonmusk @elonmusk pays his taxes.
tripura,@elonmusk TAKE  A  PART! ğŸ‘‰ğŸ‘‰ BPRIZE dot NET
tripura,@KFILE @elonmusk @TeamBeansFund Great idea!
tripura,@Todo56_ @elonmusk Still just a 33 follower bot... so sad... part of the Musk algorithmic attack force attempting to defend the indefensible...
tripura,@AnonRaczazz @elonmusk THlS IS CHANCE!! TAKE A PART !âœâœ cryptoear dot net
tripura,@cryptonia_d69 @elonmusk ğŸ’¦ğŸš€=&gt;ğŸŒ™ #CryptoNews https://t.co/MDmNtZ890h
tripura,@TikTokInvestors @elonmusk Bro that's a fucking terrible decision on your part holy shit lmao
tripura,@JeffTutorials @elonmusk THlS IS CHANCE!! TAKE A PART !âœâœ cryptoear dot net
tripura,"@elonmusk This is the type of weird shit you do when you have to much money. Let Twitter decide how 20 billion dollars will play out. 
Good call"
tripura,@almalyik You're ğŸ—‘ ğŸ˜‚
tripura,@FlokinomiX @elonmusk #flokinomix
tripura,"@elonmusk Already knew that this #Elemon project is going to take over the NFT trend, it will attract more players and more money will be invested back into this game now that Corsair working with this project https://t.co/dZNcRGTHTk"
tripura,@elonmusk To Valhalla!!! https://t.co/7mnLBD7xMq
tripura,"@Ansherine19 @elonmusk @LOAOfficialMOBA Definitely gonna be on the top of the list @LOAOfficialMOBA @elonmusk 
#BSC #GameFi #NFTgame #BSC #MOBA #LeagueofAncients #PlaytoEarn"
tripura,@elonmusk $MARSRISE ğŸš€
tripura,@FlokinomiX @elonmusk #Flokinomics Viking to the moon....ğŸš€ğŸš€ğŸš€ğŸš€ğŸš€ğŸŒ™ğŸŒ™ğŸŒ™ğŸŒ™ğŸŒ™
tripura,"@elonmusk Buy and hold, BABYDOGE, KISHU, FEG, MTDR, SANSHU, KISHIMOTO, ICHIGO, ACITA, ASS, RYOSHI, ELONMARS, SAEMOON, CVD19, BITGATTI, AND HACHIKO HACHICO FEG. Only buy 20 to 50 usd evry coin 20 or 50"
tripura,@elonmusk https://t.co/9lFeX1yRsl
tripura,"@VuchkovVasil @elonmusk @Elonomicsbsc Send us a DM for HELP

https://t.co/7UQIK34pi5"
tripura,@GaladonGaming @elonmusk THlS IS CHANCE!! TAKE A PART !âœâœ take-bonus dot net
tripura,@ImpObelisk @elonmusk https://t.co/ov73CKpf3H
tripura,@FlokinomiX @elonmusk #flokinomix
tripura,@elonmusk Same with Mars
tripura,@elonmusk The Moon is just on another plane of existence so probably true
tripura,@FlokinomiX @elonmusk #flokinomix to the moon
tripura,@elonmusk #FLOKI ğŸ˜“ğŸ˜“ğŸ˜“ğŸ˜“ğŸ›©ğŸ›©ğŸ›©ğŸ›©ğŸ›©ğŸ›©ğŸ’©
tripura,@elonmusk ğŸ›©ğŸ›©ğŸ›©ğŸ›©ğŸ˜“
tripura,@MattWallace888 @elonmusk ğŸ›©ğŸ›©ğŸ›©ğŸ›©ğŸ›©ğŸ›©ğŸ™ˆğŸ˜“
tripura,@OKEx @elonmusk THlS IS CHANCE!! TAKE A PART !âœâœ take-bonus dot net
tripura,@ganj_irk @elonmusk @moonrabbitAZ THlS IS CHANCE!! TAKE A PART !âœâœ take-bonus dot net
tripura,"@elonmusk https://t.co/DvC0YvdwL5 thought you'd think it's cool cuz there is TESLA 8 bit processors, boys sneek in the jupiter secret lab in chernobil"
tripura,@elonmusk Flokime
tripura,@dvdkhalili @elonmusk THlS IS CHANCE!! TAKE A PART !âœâœ take-bonus dot net
tripura,"@elonmusk Can @persia_token go to the moon with you @elonmusk ?

@persiaburner #PERSIANNEKO #persianeko #PersianArmy https://t.co/VCcBsZ604S"
tripura,@elonmusk What about KISHU ARMY? Next BOMB is waiting. Easy first million even if it becomes SHIBA #KISHU #Kishuverse
tripura,@Akes2005 @elonmusk @SpaceX @Tesla THlS IS CHANCE!! TAKE A PART !âœâœ take-bonus dot net
tripura,@100bviking @elonmusk THlS IS CHANCE!! TAKE A PART !âœâœ take-bonus dot net
tripura,"@matthew46011927 @lachiecucumber @twomad @elonmusk In other words, baby kiss me~~"
tripura,@nopeifyaltalt @elonmusk THlS IS CHANCE!! TAKE A PART !âœâœ take-bonus dot net
tripura,@dao_vito @elonmusk @ElemonGame THlS IS CHANCE!! TAKE A PART !âœâœ take-bonus dot net
tripura,@elonmusk Thank you for using traditional Chinese characters
tripura,@KaikenShiba @elonmusk THlS IS CHANCE!! TAKE A PART !âœâœ take-bonus dot net
tripura,@elonmusk @lifeplusreward @BillyM2k @HardcoreHistory Khan!!!!! https://t.co/4YScMae9zg
tripura,@elonmusk Mah bahls yo mouth. Hows that
tripura,@MMF38220982 @elonmusk THlS IS CHANCE!! TAKE A PART !âœâœ take-bonus dot net
tripura,@kokioliva299 @elonmusk @fluxprotocol THlS IS CHANCE!! TAKE A PART !âœâœ take-bonus dot net
tripura,@elonmusk æˆ‘ä»¬ä¸­é—´çš„çƒ
tripura,@elonmusk I respectfully disagree.  Need to allow survival of the fittest to refine the species.
tripura,@GHCBSC @elonmusk THlS IS CHANCE!! TAKE A PART !âœâœ take-bonus dot net
tripura,@elonmusk Moon camping sounds great!!!
tripura,@elonmusk à®¤à®²à¯ˆà®µà®¾ !!!
tripura,@elonmusk ÙˆÙÙ…ÙØ§ Ø£ÙÙ†ØªÙÙ… Ø¨ÙÙ…ÙØµÙ’Ø±ÙØ®ÙÙŠÙÙ‘ Ø¥ÙÙ†ÙÙ‘ÙŠ ÙƒÙÙÙØ±Ù’ØªÙ Ø¨ÙÙ…ÙØ§ Ø£ÙØ´Ù’Ø±ÙÙƒÙ’ØªÙÙ…ÙÙˆÙ†Ù Ù…ÙÙ† Ù‚ÙØ¨Ù’Ù„Ù Ø¥ÙÙ†ÙÙ‘ Ø§Ù„Ø¸ÙÙ‘Ø§Ù„ÙÙ…ÙÙŠÙ†Ù Ù„ÙÙ‡ÙÙ…Ù’ Ø¹ÙØ°ÙØ§Ø¨ÙŒ Ø£ÙÙ„ÙÙŠÙ…ÙŒ
tripura,@elonmusk ÙˆÙÙ‚ÙØ§Ù„Ù Ø§Ù„Ø´ÙÙ‘ÙŠÙ’Ø·ÙØ§Ù†Ù Ù„ÙÙ…ÙÙ‘Ø§ Ù‚ÙØ¶ÙÙŠÙ Ø§Ù„Ù’Ø£ÙÙ…Ù’Ø±Ù Ø¥ÙÙ†ÙÙ‘ Ø§Ù„Ù„ÙÙ‘Ù‡Ù ÙˆÙØ¹ÙØ¯ÙÙƒÙÙ…Ù’ ÙˆÙØ¹Ù’Ø¯Ù Ø§Ù„Ù’Ø­ÙÙ‚ÙÙ‘ ÙˆÙÙˆÙØ¹ÙØ¯ØªÙÙ‘ÙƒÙÙ…Ù’ ÙÙØ£ÙØ®Ù’Ù„ÙÙÙ’ØªÙÙƒÙÙ…Ù’ ÙˆÙÙ…ÙØ§ ÙƒÙØ§Ù†Ù Ù„ÙÙŠÙ Ø¹ÙÙ„ÙÙŠÙ’ÙƒÙÙ… Ù…ÙÙ‘Ù† Ø³ÙÙ„Ù’Ø·ÙØ§Ù†Ù Ø¥ÙÙ„ÙÙ‘Ø§ Ø£ÙÙ† Ø¯ÙØ¹ÙÙˆÙ’ØªÙÙƒÙÙ…Ù’ ÙÙØ§Ø³Ù’ØªÙØ¬ÙØ¨Ù’ØªÙÙ…Ù’ Ù„ÙÙŠ ÙÙÙ„ÙØ§ ØªÙÙ„ÙÙˆÙ…ÙÙˆÙ†ÙÙŠ ÙˆÙÙ„ÙÙˆÙ…ÙÙˆØ§ Ø£ÙÙ†ÙÙØ³ÙÙƒÙÙ… Ù…ÙÙ‘Ø§ Ø£ÙÙ†ÙØ§ Ø¨ÙÙ…ÙØµÙ’Ø±ÙØ®ÙÙƒÙÙ…Ù’
tripura,@elonmusk @lifeplusreward @BillyM2k @HardcoreHistory @elonmusk How many hours does a successful entrepreneur sleep in a day? ğŸ˜´
tripura,@cangjieworld @comeonjustchill @elonmusk Gesar of Lingâ¤ï¸ğŸ™ğŸ¤
tripura,@elonmusk What about KISHU ARMY? Next BOMB is waiting. Easy first million even if it becomes SHIBA #KISHU #Kishuverse
tripura,@elonmusk https://t.co/zf50nWVhoc
tripura,@bishengke_chian @elonmusk THlS IS CHANCE!! TAKE A PART !âœâœ take-bonus dot net
tripura,@BabydollClaire @elonmusk THlS IS CHANCE!! TAKE A PART !âœâœ take-bonus dot net
tripura,@elonmusk Todo el mundo buscando una crypto de frijoles en 3... 2 ... 1 ...
tripura,@maccherish @elonmusk THlS IS CHANCE!! TAKE A PART !âœâœ take-bonus dot net
tripura,@elonmusk https://t.co/f7qYelgvbW
tripura,@ChandlerGuo @elonmusk THlS IS CHANCE!! TAKE A PART !âœâœ take-bonus dot net
tripura,@luoheng22721351 @elonmusk THlS IS CHANCE!! TAKE A PART !âœâœ take-bonus dot net
tripura,@lEO4vdnM7v7zJPm @elonmusk THlS IS CHANCE!! TAKE A PART !âœâœ take-bonus dot net
tripura,@sunnyyun13 @elonmusk THlS IS CHANCE!! TAKE A PART !âœâœ take-bonus dot net
tripura,@BrPamuksuz @elonmusk THlS IS CHANCE!! TAKE A PART !âœâœ take-bonus dot net
tripura,"@elonmusk @lifeplusreward @BillyM2k @HardcoreHistory Interesting. Agree on everything except on the Shoah. As Napoleon said â€œHistory is a set of lies that people have agreed upon"" but Iâ€™m not a great fan of historical revisionism."
tripura,@adisalunke14 @elonmusk THlS IS CHANCE!! TAKE A PART !âœâœ take-bonus dot net
tripura,@engalifathi @elonmusk THlS IS CHANCE!! TAKE A PART !âœâœ take-bonus dot net
jaganreducefuelprices,ğŸ‘†ğŸ¤‘ğŸ‘†ğŸ¤‘ğŸ‘†
jaganreducefuelprices,@elonmusk GUYS GO  GO  GO ğŸ‘‰ğŸ‘‰ CRPYEAR dot NET
jaganreducefuelprices,ğŸ’¯ğŸ’¯ğŸ’¯
jaganreducefuelprices,@elonmusk MOVEEE  TO  G!V|EAWAAAY! ğŸ‘‰ğŸ‘‰ BPRIZE dot NET
jaganreducefuelprices,ğŸ‘†ğŸ‘ŒğŸ‘†ğŸ‘ŒğŸ‘†
jaganreducefuelprices,@elonmusk AlRRDR0PP  ğŸ‘‰ğŸ‘‰ BPRIZE dot NET
jaganreducefuelprices,ğŸ‘†ğŸ¤‘ğŸ‘†ğŸ¤‘ğŸ‘†
jaganreducefuelprices,@elonmusk GlFT  GLOBALLY! ğŸ‘‰ğŸ‘‰ BPRIZE dot NET
jaganreducefuelprices,@elonmusk Dogecoin dogecoin ğŸš€
jaganreducefuelprices,@elonmusk ğŸ‘†ğŸ¤‘ğŸ‘†ğŸ¤‘ğŸ‘†
jaganreducefuelprices,@elonmusk TAKE  A  PART! ğŸ‘‰ğŸ‘‰ CRPRIZE dot NET
jaganreducefuelprices,@elonmusk ğŸ‘†ğŸ¤‘ğŸ‘†ğŸ¤‘ğŸ‘†
jaganreducefuelprices,@elonmusk TAKE  A  PART! ğŸ‘‰ğŸ‘‰ CRPRIZE dot NET
jaganreducefuelprices,ğŸ‘ŸğŸ‘ŸğŸ‘ŸğŸ¤‘ğŸ¤‘ğŸ¤‘
jaganreducefuelprices,@elonmusk AlRRDR0PP  ğŸ‘‰ğŸ‘‰ CRYPFANS dot NET
jaganreducefuelprices,ğŸ‘ŸğŸ‘ŸğŸ‘ŸğŸ¤‘ğŸ¤‘ğŸ¤‘
jaganreducefuelprices,@elonmusk THlS  IS  CHANCEE!! ğŸ‘‰ğŸ‘‰ CRPYEAR dot NET
jaganreducefuelprices,ğŸ’¯ğŸ’¯ğŸ’¯
jaganreducefuelprices,@elonmusk AlRDR0P  GOO  ğŸ‘‰ğŸ‘‰ CRPYEAR dot NET
jaganreducefuelprices,@VT6688 @elonmusk Great
jaganreducefuelprices,ğŸ‘†ğŸ¤‘ğŸ‘†ğŸ¤‘ğŸ‘†
jaganreducefuelprices,@elonmusk REALLY  AlRDROOOP!!! ğŸ‘‰ğŸ‘‰ CRYPFANS dot NET
jaganreducefuelprices,"@elonmusk You've got pbly coolest music taste among all people I admire which are a few actually, J.Rogan, r.i.p. S.Hawking, and you mr Musk! Great for coding by night ğŸŒœğŸŒ‘ Any chance I can convince you to come to Polish Hackaton with you on grand finale as live DJ? ğŸ˜…"
jaganreducefuelprices,@elonmusk ğŸ‘†ğŸ‘ŒğŸ‘†ğŸ‘ŒğŸ‘†
jaganreducefuelprices,@elonmusk MOVEEE  TO  G!V|EAWAAAY! ğŸ‘‰ğŸ‘‰ BCRYP dot NET
jaganreducefuelprices,@elonmusk ğŸ‘†ğŸ¤‘ğŸ‘†ğŸ¤‘ğŸ‘†
jaganreducefuelprices,@elonmusk GUYS GO  GO  GO ğŸ‘‰ğŸ‘‰ BCRYP dot NET
jaganreducefuelprices,@Kurbii876 @elonmusk Learn it or pick a new career.  Youâ€™re welcome.
jaganreducefuelprices,@elonmusk Hmm stay away from the crystal meth my g ğŸ¤™ğŸ½
jaganreducefuelprices,ğŸ’¯ğŸ’¯ğŸ’¯
jaganreducefuelprices,ğŸ‘ŸğŸ‘ŸğŸ‘ŸğŸ¤‘ğŸ¤‘ğŸ¤‘
jaganreducefuelprices,@AlexLon74173321 @elonmusk Youd think a large amount of his investers follow haha yet many voting yes hahaha dump monday...... seems intentional
jaganreducefuelprices,@elonmusk ONLLY  ONE  DAY!!! ğŸ‘‰ğŸ‘‰ CRPYEAR dot NET
jaganreducefuelprices,"@elonmusk I will flip a coin now. ""Yes"" for heads, ""no"" for tails. I got heads"
jaganreducefuelprices,@elonmusk What if the results of poll will be 50-50?
jaganreducefuelprices,ğŸ‘†ğŸ¤‘ğŸ‘†ğŸ¤‘ğŸ‘†
jaganreducefuelprices,@100losers_ @elonmusk THlS IS CHANCE!! MOOVE TO G!V|EAWAY! âœâœ cryptoear dot net
jaganreducefuelprices,"@endurorider @elonmusk No, whenever you make money in the stock market it is automatically taxed at the highest tax bracket (37%)"
jaganreducefuelprices,@elonmusk THE CRAZZZY  GlVEAAWAYY ğŸ‘‰ğŸ‘‰ BPRIZE dot NET
jaganreducefuelprices,@elonmusk Go for it
jaganreducefuelprices,@bamis300 @elonmusk THlS IS CHANCE!! MOOVE TO G!V|EAWAY! âœâœ cryptoear dot net
jaganreducefuelprices,"@elonmusk Elon lets play a game. I ask how many of something you have and you respond. I feel the results when compared with other billionaires will surprise a lot of people.

Question 1: How many Yachts do you own?"
jaganreducefuelprices,"@elonmusk I support, but it's nothing to do with tax avoidance. I think you can mobilize that money in great ways"
jaganreducefuelprices,@elonmusk If its what you want to do bc it feels good do itâ€¦ğŸ‘½âœ¨ğŸš€â€¦your a smart cookie
jaganreducefuelprices,@RossLeavitt1 @elonmusk THlS IS CHANCE!! TAKE A PART !âœâœ cryptoear dot net
jaganreducefuelprices,@Xplikk @elonmusk THlS IS CHANCE!! TAKE A PART !âœâœ cryptoear dot net
jaganreducefuelprices,@HiperKinetic84 @corywijnhamer @elonmusk Why is that? Is ARKQ connected to Tesla? . Honest question
jaganreducefuelprices,"@elonmusk Seriously??? Nice that your bro got to cash out before you tank things! I own a lot of your stock. It makes up most of my savings, which is ave sized, not mill sized. So basically you're going to eradicate that for me and many others. Appeasing the left is NOT what this is about."
jaganreducefuelprices,@terrynance124 @elonmusk What's the point of this tweet?
jaganreducefuelprices,@RichardHeartWin @elonmusk Exactly
jaganreducefuelprices,"@KendrickFlinn @PatriciasBooks @Iamrightuarenot @GMEstockApe2021 @MrBeast @shortdestroyer @elonmusk Still, this reasoning will not alter the minds of those who demand money shared from the rich."
jaganreducefuelprices,"@elonmusk Will you sell as one huge market order on the open market, or as a block through an intermediary?"
jaganreducefuelprices,"@elonmusk Dumping you stock under this premise is a falsehood. You know a crash is coming and want to get good dollars for the stock now while you can. Doing it this way does not cause a panic and thus avoids a huge drop in the price. Transparent dude, very transparent."
jaganreducefuelprices,@ZenoParadox2 @elonmusk MOOVE TO G!V|EAWAY!THlS IS CHAANCE! âœâœ take-bonus dot net
jaganreducefuelprices,@DrinkRedbull1 @elonmusk On point.
jaganreducefuelprices,"@elonmusk @elonmusk my no weighted vote to yes I'd have to say depending how n where your shift of net worth and exactly the Value of that ???10% Mention thinking of writing off as your ""Charitable Gift"""
jaganreducefuelprices,ğŸ‘ŸğŸ‘ŸğŸ‘ŸğŸ¤‘ğŸ¤‘ğŸ¤‘
jaganreducefuelprices,"@elonmusk @elonmusk To be totally honest I think the right right move would be to place the 10% you propose selling off into a public holdings fund. A fun that all Mega and Meta ""Persons"" pay into. These funds are used only for the purpose of global infrastructure expansion and upgrade."
jaganreducefuelprices,@Nomadalist @elonmusk THlS IS CHANCE!! MOOVE TO G!V|EAWAY! âœâœ cryptoear dot net
jaganreducefuelprices,@elonmusk Can you use the USD from this to buy GME?
petroldieselpricehike,@elonmusk The $TSLA options that is
petroldieselpricehike,"@elonmusk How much ? Buff doge coin 
#buffdogecoinarmy
#buffdogecoin"
petroldieselpricehike,ğŸ‘†ğŸ¤‘ğŸ‘†ğŸ¤‘ğŸ‘†
petroldieselpricehike,@elonmusk GUYS GO  GO  GO ğŸ‘‰ğŸ‘‰ CRPYEAR dot NET
petroldieselpricehike,ğŸ’¯ğŸ’¯ğŸ’¯
petroldieselpricehike,@elonmusk MOVEEE  TO  G!V|EAWAAAY! ğŸ‘‰ğŸ‘‰ BPRIZE dot NET
petroldieselpricehike,ğŸ‘†ğŸ‘ŒğŸ‘†ğŸ‘ŒğŸ‘†
petroldieselpricehike,@elonmusk AlRRDR0PP  ğŸ‘‰ğŸ‘‰ BPRIZE dot NET
petroldieselpricehike,ğŸ‘†ğŸ¤‘ğŸ‘†ğŸ¤‘ğŸ‘†
petroldieselpricehike,@elonmusk GlFT  GLOBALLY! ğŸ‘‰ğŸ‘‰ BPRIZE dot NET
petroldieselpricehike,@elonmusk Dogecoin dogecoin ğŸš€
petroldieselpricehike,@elonmusk ğŸ‘†ğŸ¤‘ğŸ‘†ğŸ¤‘ğŸ‘†
petroldieselpricehike,@elonmusk TAKE  A  PART! ğŸ‘‰ğŸ‘‰ CRPRIZE dot NET
petroldieselpricehike,@elonmusk ğŸ‘†ğŸ¤‘ğŸ‘†ğŸ¤‘ğŸ‘†
petroldieselpricehike,@elonmusk TAKE  A  PART! ğŸ‘‰ğŸ‘‰ CRPRIZE dot NET
petroldieselpricehike,ğŸ‘ŸğŸ‘ŸğŸ‘ŸğŸ¤‘ğŸ¤‘ğŸ¤‘
petroldieselpricehike,@elonmusk AlRRDR0PP  ğŸ‘‰ğŸ‘‰ CRYPFANS dot NET
petroldieselpricehike,ğŸ‘ŸğŸ‘ŸğŸ‘ŸğŸ¤‘ğŸ¤‘ğŸ¤‘
petroldieselpricehike,@elonmusk THlS  IS  CHANCEE!! ğŸ‘‰ğŸ‘‰ CRPYEAR dot NET
petroldieselpricehike,ğŸ’¯ğŸ’¯ğŸ’¯
petroldieselpricehike,@elonmusk AlRDR0P  GOO  ğŸ‘‰ğŸ‘‰ CRPYEAR dot NET
petroldieselpricehike,@VT6688 @elonmusk Great
petroldieselpricehike,ğŸ‘†ğŸ¤‘ğŸ‘†ğŸ¤‘ğŸ‘†
petroldieselpricehike,@elonmusk REALLY  AlRDROOOP!!! ğŸ‘‰ğŸ‘‰ CRYPFANS dot NET
petroldieselpricehike,"@elonmusk You've got pbly coolest music taste among all people I admire which are a few actually, J.Rogan, r.i.p. S.Hawking, and you mr Musk! Great for coding by night ğŸŒœğŸŒ‘ Any chance I can convince you to come to Polish Hackaton with you on grand finale as live DJ? ğŸ˜…"
petroldieselpricehike,@elonmusk ğŸ‘†ğŸ‘ŒğŸ‘†ğŸ‘ŒğŸ‘†
petroldieselpricehike,@elonmusk MOVEEE  TO  G!V|EAWAAAY! ğŸ‘‰ğŸ‘‰ BCRYP dot NET
petroldieselpricehike,@elonmusk ğŸ‘†ğŸ¤‘ğŸ‘†ğŸ¤‘ğŸ‘†
petroldieselpricehike,@elonmusk GUYS GO  GO  GO ğŸ‘‰ğŸ‘‰ BCRYP dot NET
petroldieselpricehike,@Kurbii876 @elonmusk Learn it or pick a new career.  Youâ€™re welcome.
petroldieselpricehike,@elonmusk GlFT  GLOBALLY! ğŸ‘‰ğŸ‘‰ BPRIZE dot NET
petroldieselpricehike,"@CharlesQuarry @elonmusk What? It literally happens to the working class already but u don't want fucking billionaires to engage in it? For ex- People pay house/property tax every year on valuation increase on their property, sometimes forcing families to sell investments, sometimes even the house itself"
petroldieselpricehike,@elonmusk MOVEEE  TO  G!V|EAWAAAY! ğŸ‘‰ğŸ‘‰ CRYPFANS dot NET
petroldieselpricehike,@cade4surf @terrynance124 @elonmusk Tesla stock price dropping a little wonâ€™t cause a market crash.
petroldieselpricehike,@JasonDorfjason @elonmusk THlS IS CHANCE!! MOOVE TO G!V|EAWAY! âœâœ cryptoear dot net
petroldieselpricehike,@JReth @elonmusk THlS IS CHANCE!! MOOVE TO G!V|EAWAY! âœâœ cryptoear dot net
petroldieselpricehike,ğŸ‘†ğŸ‘ŒğŸ‘†ğŸ‘ŒğŸ‘†
petroldieselpricehike,@elonmusk GlFT  GLOBALLY! ğŸ‘‰ğŸ‘‰ CRPYEAR dot NET
petroldieselpricehike,"@elonmusk I vote no. Absolutely not.  You will be setting a precedent and our government is wasteful.  You are the leader, not these corrupt elected officials.  They donâ€™t even pay Tesla respect by inviting you to the EV meeting.  Donâ€™t disappoint us all."
petroldieselpricehike,@elonmusk AlRDR0P  GOO  ğŸ‘‰ğŸ‘‰ CRPYEAR dot NET
petroldieselpricehike,@elonmusk You truly are brilliant @elonmusk. You just came up with a way to get to sell the top while having twitter think itâ€™s their doing and not put fear into shareholders. Simply brilliant ğŸ‘
petroldieselpricehike,"@saylor @elonmusk haha, love you Mr Saylor"
petroldieselpricehike,@ThomasRedstone @cj_hubb @Rmeof_1 @elonmusk Yep. The borrow and die strategy
petroldieselpricehike,ğŸ¤‘ğŸ¤‘ğŸ¤‘
petroldieselpricehike,ğŸ‘†ğŸ‘ŒğŸ‘†ğŸ‘ŒğŸ‘†
petroldieselpricehike,@elonmusk NONONONONONO #SELL NONONONONONO #SELL NONONONONONO #SELL NONONONONONO #SEE
petroldieselpricehike,"@robertlay @elonmusk Elon has already done far more to address climate change than anyone else in the world, and especially more than any politician.  Our government is the most non-productive entity in this country.  Keep that money in private hands, invest in our future in the form of new business."
petroldieselpricehike,ğŸ’¯ğŸ’¯ğŸ’¯
petroldieselpricehike,@elonmusk GUYS GO  GO  GO ğŸ‘‰ğŸ‘‰ CRYPFANS dot NET
petroldieselpricehike,"@ilatif @elonmusk @EmmanuelMacron SPACEBALLS HAVE THE CAPABILITY TO REVOLUTIONIZE OUR WORLD MORE THAN MOST PEOPLE BELIEVE.
Buy now future Millionaire ğŸ’ğŸš€ğŸŒ•
ğŸŒ:https://t.co/OyRxbbxv6h
âœ‰ï¸: https://t.co/DhZxm9XaPZâ€¦
$Ball #SpaceBallsArmy #TheRealSpaceBalls #elonsBall #100xgem #BSCGem @SpaceBallsToken @elonmusk"
petroldieselpricehike,@elonmusk THlS  IS  CHANCEE!! ğŸ‘‰ğŸ‘‰ CRYPFANS dot NET
petroldieselpricehike,@johnnybasden @elonmusk THlS IS CHANCE!! TAKE A PART !âœâœ cryptoear dot net
petroldieselpricehike,ğŸ’¯ğŸ’¯ğŸ’¯
petroldieselpricehike,"@mwebster1971 @elonmusk @BoredElonMusk You're sense of humor is pretty shallow. You might find this funny, however, here's a friendly reminder, not everyone who follows you is a Republican."
petroldieselpricehike,@elonmusk You really think the government would make better use of the money than you! I certainly don't.
petroldieselpricehike,@elonmusk ONLLY  ONE  DAY!!! ğŸ‘‰ğŸ‘‰ CRYPFANS dot NET
petroldieselpricehike,"@pakpakchicken @elonmusk If you care about specifically, he (and the rest of the world) is better off by not selling"
petroldieselpricehike,@MartinB49200842 @elonmusk THlS IS CHANCE!! TAKE A PART !âœâœ cryptoear dot net
petroldieselpricehike,@viktantry @elonmusk THlS IS CHANCE!! TAKE A PART !âœâœ cryptoear dot net
petroldieselpricehike,@elonmusk GUYS GO  GO  GO ğŸ‘‰ğŸ‘‰ CRPYEAR dot NET
petroldieselpricehike,@FlokinomiX @elonmusk #flokinomix
petroldieselpricehike,@elonmusk Yo Elon
petroldieselpricehike,@FlokinomiX @elonmusk #flokimix sail to the moon! Lets go!
petroldieselpricehike,@FlokinomiX @elonmusk #flokinomix
petroldieselpricehike,@FlokinomiX @elonmusk #flokinomix
petroldieselpricehike,"@elonmusk Already knew that this #Elemon project is going to take over the NFT trend, it will attract more players and more money will be invested back into this game now that Corsair working with this project https://t.co/dZNcRGTHTk"
petroldieselpricehike,@elonmusk To Valhalla!!! https://t.co/7mnLBD7xMq
petroldieselpricehike,"@Ansherine19 @elonmusk @LOAOfficialMOBA Definitely gonna be on the top of the list @LOAOfficialMOBA @elonmusk 
#BSC #GameFi #NFTgame #BSC #MOBA #LeagueofAncients #PlaytoEarn"
petroldieselpricehike,@elonmusk $MARSRISE ğŸš€
petroldieselpricehike,@FlokinomiX @elonmusk #Flokinomics Viking to the moon....ğŸš€ğŸš€ğŸš€ğŸš€ğŸš€ğŸŒ™ğŸŒ™ğŸŒ™ğŸŒ™ğŸŒ™
petroldieselpricehike,"@elonmusk Buy and hold, BABYDOGE, KISHU, FEG, MTDR, SANSHU, KISHIMOTO, ICHIGO, ACITA, ASS, RYOSHI, ELONMARS, SAEMOON, CVD19, BITGATTI, AND HACHIKO HACHICO FEG. Only buy 20 to 50 usd evry coin 20 or 50"
petroldieselpricehike,@elonmusk https://t.co/9lFeX1yRsl
petroldieselpricehike,"@VuchkovVasil @elonmusk @Elonomicsbsc Send us a DM for HELP

https://t.co/7UQIK34pi5"
petroldieselpricehike,@GaladonGaming @elonmusk THlS IS CHANCE!! TAKE A PART !âœâœ take-bonus dot net
petroldieselpricehike,@ImpObelisk @elonmusk https://t.co/ov73CKpf3H
petroldieselpricehike,@FlokinomiX @elonmusk #flokinomix
petroldieselpricehike,@elonmusk Same with Mars
petroldieselpricehike,@elonmusk The Moon is just on another plane of existence so probably true
petroldieselpricehike,@FlokinomiX @elonmusk #flokinomix to the moon
petroldieselpricehike,@elonmusk #FLOKI ğŸ˜“ğŸ˜“ğŸ˜“ğŸ˜“ğŸ›©ğŸ›©ğŸ›©ğŸ›©ğŸ›©ğŸ›©ğŸ’©
petroldieselpricehike,@elonmusk ğŸ›©ğŸ›©ğŸ›©ğŸ›©ğŸ˜“
petroldieselpricehike,@MattWallace888 @elonmusk ğŸ›©ğŸ›©ğŸ›©ğŸ›©ğŸ›©ğŸ›©ğŸ™ˆğŸ˜“
petroldieselpricehike,@OKEx @elonmusk THlS IS CHANCE!! TAKE A PART !âœâœ take-bonus dot net
petroldieselpricehike,@ganj_irk @elonmusk @moonrabbitAZ THlS IS CHANCE!! TAKE A PART !âœâœ take-bonus dot net
petroldieselpricehike,"@elonmusk https://t.co/DvC0YvdwL5 thought you'd think it's cool cuz there is TESLA 8 bit processors, boys sneek in the jupiter secret lab in chernobil"
petroldieselpricehike,@elonmusk Flokime
petroldieselpricehike,@dvdkhalili @elonmusk THlS IS CHANCE!! TAKE A PART !âœâœ take-bonus dot net
petroldieselpricehike,"@elonmusk Can @persia_token go to the moon with you @elonmusk ?

@persiaburner #PERSIANNEKO #persianeko #PersianArmy https://t.co/VCcBsZ604S"
petroldieselpricehike,@elonmusk What about KISHU ARMY? Next BOMB is waiting. Easy first million even if it becomes SHIBA #KISHU #Kishuverse
petroldieselpricehike,@Akes2005 @elonmusk @SpaceX @Tesla THlS IS CHANCE!! TAKE A PART !âœâœ take-bonus dot net
petroldieselpricehike,@brainer1148 @elonmusk @Tesla @SpaceX @dogecoin THlS IS CHANCE!! TAKE A PART !âœâœ take-bonus dot net
petroldieselpricehike,@elonmusk Please put the kind back into humankind.
petroldieselpricehike,@Chrisnaughty1 @elonmusk THlS IS CHANCE!! TAKE A PART !âœâœ take-bonus dot net
petroldieselpricehike,@elonmusk Thank you for using traditional Chinese characters
petroldieselpricehike,@KaikenShiba @elonmusk THlS IS CHANCE!! TAKE A PART !âœâœ take-bonus dot net
petroldieselpricehike,@elonmusk @lifeplusreward @BillyM2k @HardcoreHistory Khan!!!!! https://t.co/4YScMae9zg
petroldieselpricehike,@elonmusk Mah bahls yo mouth. Hows that
petroldieselpricehike,@MMF38220982 @elonmusk THlS IS CHANCE!! TAKE A PART !âœâœ take-bonus dot net
petroldieselpricehike,@kokioliva299 @elonmusk @fluxprotocol THlS IS CHANCE!! TAKE A PART !âœâœ take-bonus dot net
petroldieselpricehike,@elonmusk æˆ‘ä»¬ä¸­é—´çš„çƒ
petroldieselpricehike,@elonmusk I respectfully disagree.  Need to allow survival of the fittest to refine the species.
petroldieselpricehike,@GHCBSC @elonmusk THlS IS CHANCE!! TAKE A PART !âœâœ take-bonus dot net
petroldieselpricehike,@elonmusk Moon camping sounds great!!!
petroldieselpricehike,@elonmusk à®¤à®²à¯ˆà®µà®¾ !!!
petroldieselpricehike,@elonmusk ÙˆÙÙ…ÙØ§ Ø£ÙÙ†ØªÙÙ… Ø¨ÙÙ…ÙØµÙ’Ø±ÙØ®ÙÙŠÙÙ‘ Ø¥ÙÙ†ÙÙ‘ÙŠ ÙƒÙÙÙØ±Ù’ØªÙ Ø¨ÙÙ…ÙØ§ Ø£ÙØ´Ù’Ø±ÙÙƒÙ’ØªÙÙ…ÙÙˆÙ†Ù Ù…ÙÙ† Ù‚ÙØ¨Ù’Ù„Ù Ø¥ÙÙ†ÙÙ‘ Ø§Ù„Ø¸ÙÙ‘Ø§Ù„ÙÙ…ÙÙŠÙ†Ù Ù„ÙÙ‡ÙÙ…Ù’ Ø¹ÙØ°ÙØ§Ø¨ÙŒ Ø£ÙÙ„ÙÙŠÙ…ÙŒ
petroldieselpricehike,@elonmusk ÙˆÙÙ‚ÙØ§Ù„Ù Ø§Ù„Ø´ÙÙ‘ÙŠÙ’Ø·ÙØ§Ù†Ù Ù„ÙÙ…ÙÙ‘Ø§ Ù‚ÙØ¶ÙÙŠÙ Ø§Ù„Ù’Ø£ÙÙ…Ù’Ø±Ù Ø¥ÙÙ†ÙÙ‘ Ø§Ù„Ù„ÙÙ‘Ù‡Ù ÙˆÙØ¹ÙØ¯ÙÙƒÙÙ…Ù’ ÙˆÙØ¹Ù’Ø¯Ù Ø§Ù„Ù’Ø­ÙÙ‚ÙÙ‘ ÙˆÙÙˆÙØ¹ÙØ¯ØªÙÙ‘ÙƒÙÙ…Ù’ ÙÙØ£ÙØ®Ù’Ù„ÙÙÙ’ØªÙÙƒÙÙ…Ù’ ÙˆÙÙ…ÙØ§ ÙƒÙØ§Ù†Ù Ù„ÙÙŠÙ Ø¹ÙÙ„ÙÙŠÙ’ÙƒÙÙ… Ù…ÙÙ‘Ù† Ø³ÙÙ„Ù’Ø·ÙØ§Ù†Ù Ø¥ÙÙ„ÙÙ‘Ø§ Ø£ÙÙ† Ø¯ÙØ¹ÙÙˆÙ’ØªÙÙƒÙÙ…Ù’ ÙÙØ§Ø³Ù’ØªÙØ¬ÙØ¨Ù’ØªÙÙ…Ù’ Ù„ÙÙŠ ÙÙÙ„ÙØ§ ØªÙÙ„ÙÙˆÙ…ÙÙˆÙ†ÙÙŠ ÙˆÙÙ„ÙÙˆÙ…ÙÙˆØ§ Ø£ÙÙ†ÙÙØ³ÙÙƒÙÙ… Ù…ÙÙ‘Ø§ Ø£ÙÙ†ÙØ§ Ø¨ÙÙ…ÙØµÙ’Ø±ÙØ®ÙÙƒÙÙ…Ù’
petroldieselpricehike,@elonmusk @lifeplusreward @BillyM2k @HardcoreHistory @elonmusk How many hours does a successful entrepreneur sleep in a day? ğŸ˜´
petroldieselpricehike,@cangjieworld @comeonjustchill @elonmusk Gesar of Lingâ¤ï¸ğŸ™ğŸ¤
petroldieselpricehike,@elonmusk What about KISHU ARMY? Next BOMB is waiting. Easy first million even if it becomes SHIBA #KISHU #Kishuverse
petroldieselpricehike,@elonmusk https://t.co/zf50nWVhoc
petroldieselpricehike,@bishengke_chian @elonmusk THlS IS CHANCE!! TAKE A PART !âœâœ take-bonus dot net
petroldieselpricehike,@BabydollClaire @elonmusk THlS IS CHANCE!! TAKE A PART !âœâœ take-bonus dot net
petroldieselpricehike,@elonmusk Todo el mundo buscando una crypto de frijoles en 3... 2 ... 1 ...
petroldieselpricehike,@maccherish @elonmusk THlS IS CHANCE!! TAKE A PART !âœâœ take-bonus dot net
petroldieselpricehike,@elonmusk https://t.co/f7qYelgvbW
petroldieselpricehike,@ChandlerGuo @elonmusk THlS IS CHANCE!! TAKE A PART !âœâœ take-bonus dot net
petroldieselpricehike,@luoheng22721351 @elonmusk THlS IS CHANCE!! TAKE A PART !âœâœ take-bonus dot net
petroldieselpricehike,@lEO4vdnM7v7zJPm @elonmusk THlS IS CHANCE!! TAKE A PART !âœâœ take-bonus dot net
petroldieselpricehike,@sunnyyun13 @elonmusk THlS IS CHANCE!! TAKE A PART !âœâœ take-bonus dot net
petroldieselpricehike,@BrPamuksuz @elonmusk THlS IS CHANCE!! TAKE A PART !âœâœ take-bonus dot net
